income,loan_amount,credit_score,prediction_probability,timestamp
65232.13829483284,189489.3035015371,714.2367798331719,0.46657229160602887,2025-12-15 23:59:11.853449
42629.84282241493,221328.87975706893,738.0910796319716,0.376643526762243,2025-12-15 23:59:11.853449
38090.61898182078,182454.80474000232,660.1214970090007,0.34415903863671565,2025-12-15 23:59:11.853449
51942.63422401382,211522.3082216576,643.265795929535,0.3749729052994403,2025-12-15 23:59:11.853449
49106.861417076216,116383.11998277286,614.8909684065321,0.3975784902410331,2025-12-15 23:59:11.853449
44295.12316143632,242797.6224423763,630.4753682012627,0.32558850222043795,2025-12-15 23:59:11.853449
63838.58660676416,230072.32852173346,856.9456655185236,0.5041916704278868,2025-12-15 23:59:11.853449
68240.18854569868,180974.68213590857,754.6807748442072,0.4996502839557913,2025-12-15 23:59:11.853449
53502.9170669614,269554.74010594434,598.9355380275188,0.3336175525384922,2025-12-15 23:59:11.853449
77118.01137793946,286254.2082575935,600.6525225953858,0.4152269784461119,2025-12-15 23:59:11.853449
32591.285059730413,133546.40813786155,708.9119637031094,0.368257909068005,2025-12-15 23:59:11.853449
48707.78919224479,184236.51328602716,712.8358878426781,0.40629193723547485,2025-12-15 23:59:11.853449
39814.02054975231,183851.45901276212,712.9330301190419,0.37304715389545173,2025-12-15 23:59:11.853449
20268.877509757982,173605.81393346813,664.7026523867781,0.28333582745345265,2025-12-15 23:59:11.853449
50594.428340674116,279768.4905159049,672.472744399826,0.3498951370480061,2025-12-15 23:59:11.853449
49930.29235748418,218370.4316736318,699.6727714495614,0.3887550269724585,2025-12-15 23:59:11.853449
77728.64563511623,214129.10952136337,685.1535803775998,0.48906830396426915,2025-12-15 23:59:11.853449
62723.79863743122,109768.25813559479,546.8419776351479,0.4222725644170489,2025-12-15 23:59:11.853449
34588.82398640351,268125.0818125536,666.2120221654884,0.2925119411796048,2025-12-15 23:59:11.853449
83519.57362768121,155644.49630879163,628.9156139443812,0.5143706633993957,2025-12-15 23:59:11.853449
72757.572823931,233595.9578159797,690.5126851345108,0.4633550739979758,2025-12-15 23:59:11.853449
61895.660958966466,246642.6162774915,859.1155401562046,0.4898722660064672,2025-12-15 23:59:11.853449
48149.77031955286,311639.51575031906,702.0488999284582,0.3383151990305382,2025-12-15 23:59:11.853449
35689.532975700844,151470.77605285327,661.1882188296561,0.3504633703065083,2025-12-15 23:59:11.853449
45672.4848067921,48829.27065075049,735.3080901186352,0.46969283031594544,2025-12-15 23:59:11.853449
70508.72653497117,241030.9726852217,708.9612732325528,0.4593819221734921,2025-12-15 23:59:11.853449
84037.96720088835,338030.67089065124,705.2056694271105,0.4620911853175148,2025-12-15 23:59:11.853449
78235.13998062721,304336.78117636626,716.4110355929403,0.4613232885304154,2025-12-15 23:59:11.853449
43689.55982963334,242579.56491647754,803.3926138897725,0.39895895007512433,2025-12-15 23:59:11.853449
32966.50363408681,200501.82886207715,612.146693880445,0.2952507133496383,2025-12-15 23:59:11.853449
54395.066197490465,278427.3557982386,708.4179246086873,0.3805467405126512,2025-12-15 23:59:11.853449
21936.53078543152,171587.2280177319,624.4171322011077,0.27298108961570033,2025-12-15 23:59:11.853449
57493.851141141284,258581.46616137316,713.3307587805349,0.40388315421695364,2025-12-15 23:59:11.853449
49490.75603292263,260328.2095499976,624.8788093108343,0.3342813144674939,2025-12-15 23:59:11.853449
44077.37946823988,293612.5944499328,654.957991183695,0.31106971157811303,2025-12-15 23:59:11.853449
24890.047856464476,395579.60233466467,662.2946051457257,0.19311004422408848,2025-12-15 23:59:11.853449
60731.20181168518,253544.95803072603,738.5490031606826,0.42950245640253326,2025-12-15 23:59:11.853449
42944.08572574751,199462.18245755008,735.1072666365449,0.38702042994177976,2025-12-15 23:59:11.853449
32111.413792925105,228465.54126848033,605.2569574132169,0.2755976410087503,2025-12-15 23:59:11.853449
3171.54237421196,123855.4457066529,683.2960466599909,0.25099671077710506,2025-12-15 23:59:11.853449
51532.246614139185,188317.2121346565,637.4252087150496,0.38201709237482673,2025-12-15 23:59:11.853449
82128.27714338565,205443.05371321377,604.4897053594799,0.474555750653997,2025-12-15 23:59:11.853449
80241.4066473138,198554.69612392446,666.9789769745378,0.4980619921484809,2025-12-15 23:59:11.853449
44229.36363803338,239141.2923220233,661.4910326926508,0.34064660949094905,2025-12-15 23:59:11.853449
41762.39497384973,180654.80405706796,825.6029891807314,0.4311383364658641,2025-12-15 23:59:11.853449
59969.1623532754,297261.84003946825,705.9775895216418,0.3914168420525397,2025-12-15 23:59:11.853449
35027.447533799044,230012.42389509184,597.3429499547458,0.28237212287637353,2025-12-15 23:59:11.853449
57130.46229693092,229441.98073168314,646.1135597497434,0.3871387426057288,2025-12-15 23:59:11.853449
65023.36473253973,210326.31700922493,741.282997725764,0.4675991463169804,2025-12-15 23:59:11.853449
72857.86480603323,239311.44103153874,805.3065663721954,0.5111402658917255,2025-12-15 23:59:11.853449
50297.3806998408,279505.89588005806,584.8410012657225,0.31061832176767823,2025-12-15 23:59:11.853449
48537.54624699158,177972.187057346,567.2045368916573,0.3450345661045331,2025-12-15 23:59:11.853449
37074.296025138465,190513.0106554846,792.2579105223069,0.39419378179236714,2025-12-15 23:59:11.853449
37943.03398132238,211776.43827340013,703.3768506422542,0.3484243785736609,2025-12-15 23:59:11.853449
48149.858837674044,149247.7445916071,627.902436087418,0.3838835462106677,2025-12-15 23:59:11.853449
58245.21361587503,180844.52841671015,712.0777451673462,0.4434836563098272,2025-12-15 23:59:11.853449
67530.93864596525,201426.74758732045,521.8551356589874,0.3854444527461114,2025-12-15 23:59:11.853449
38345.95783843414,282463.35084276367,680.2025303958296,0.3058807579826929,2025-12-15 23:59:11.853449
77375.70567231187,245753.6797401155,699.6692703705851,0.47889927500961105,2025-12-15 23:59:11.853449
47390.89878227633,241615.39468205266,735.4562083722698,0.3836716322979012,2025-12-15 23:59:11.853449
51636.75599607659,281053.87773007835,619.1662428624477,0.32991211780248364,2025-12-15 23:59:11.853449
39297.401454487,221757.6926960362,685.1412296842016,0.34076291775254663,2025-12-15 23:59:11.853449
10787.915575359992,253427.89099573338,624.4745224364248,0.19175760386731,2025-12-15 23:59:11.853449
67028.77173813785,223806.69482405024,695.323025340459,0.44859569984933967,2025-12-15 23:59:11.853449
64526.34625057137,245921.7409639777,626.2792206582185,0.3983965157178275,2025-12-15 23:59:11.853449
47217.431528990375,195034.48054330508,655.5139496503867,0.3704559439745798,2025-12-15 23:59:11.853449
53138.84219282282,83670.97050341425,620.2510763125863,0.4307992989506429,2025-12-15 23:59:11.853449
60770.96670096969,221943.25026882175,719.0681745094195,0.4363126706101846,2025-12-15 23:59:11.853449
25436.720432928774,315364.8881659964,731.5070669994,0.26391498236410127,2025-12-15 23:59:11.853449
43006.104485112985,285572.92413449555,665.9227658025552,0.31568796427832063,2025-12-15 23:59:11.853449
65502.49955357106,287923.84907547024,682.2942796976017,0.4063779345799138,2025-12-15 23:59:11.853449
30677.07980612276,304167.84330837306,593.0845151219874,0.22853816851519984,2025-12-15 23:59:11.853449
56990.484846832696,235319.45545768624,662.0194011195928,0.39073927103206724,2025-12-15 23:59:11.853449
28938.109321402113,241838.94244433573,676.9877229774953,0.2885724816159907,2025-12-15 23:59:11.853449
59929.309701369944,192940.886273939,837.2475854617985,0.4986993105973381,2025-12-15 23:59:11.853449
51394.09480094278,211035.628638377,613.2819784535502,0.36004264146465687,2025-12-15 23:59:11.853449
24542.75912960634,266946.2689862685,767.8506343251463,0.2996733826814158,2025-12-15 23:59:11.853449
71800.56902577191,302233.066230129,739.8115264079485,0.4483397669326493,2025-12-15 23:59:11.853449
39511.94319443316,221633.22345914002,696.8381842694082,0.3467403258713807,2025-12-15 23:59:11.853449
38225.70857075552,202988.6441089153,785.517229051708,0.3895929421174307,2025-12-15 23:59:11.853449
55409.67635292603,230031.67753139584,702.3263283564118,0.40493786235469764,2025-12-15 23:59:11.853449
71526.83494028816,266072.4049357469,703.3495517400758,0.44873999210153126,2025-12-15 23:59:11.853449
34731.02907736725,143368.7110319875,676.8127608189473,0.357571775540935,2025-12-15 23:59:11.853449
53048.557447415515,92229.14281176572,753.4141329451177,0.48452772592034615,2025-12-15 23:59:11.853449
59289.88050561974,196967.789030505,745.788154028653,0.45440235837279636,2025-12-15 23:59:11.853449
63782.795323473445,156757.2544451505,642.4593627502272,0.44547328405453723,2025-12-15 23:59:11.853449
54999.50643971283,199511.58814116134,600.8451683240739,0.3737108060578702,2025-12-15 23:59:11.853449
45760.526735583524,221133.1808709517,667.8211617562606,0.3578201197201795,2025-12-15 23:59:11.853449
37930.96624897177,202805.0954586192,631.9976861361412,0.32150151061972765,2025-12-15 23:59:11.853449
53464.44601178837,317148.0520682447,676.1885255230787,0.3443746671788491,2025-12-15 23:59:11.853449
33773.63679624468,249604.6858761392,754.2462880810483,0.33679605268935253,2025-12-15 23:59:11.853449
2337.041780591673,248028.4615766497,652.5619006947926,0.17481548184202644,2025-12-15 23:59:11.853449
59421.51667068035,267332.4286426041,677.4305971213055,0.39125260676773,2025-12-15 23:59:11.853449
67366.89229846532,161670.01293315383,683.4813640885037,0.47452552558908945,2025-12-15 23:59:11.853449
11830.148595788749,292346.7072452161,730.9058529323171,0.2234940272042269,2025-12-15 23:59:11.853449
34834.57801993106,225454.1428078724,545.1866399609237,0.26104832908086373,2025-12-15 23:59:11.853449
62525.622437088365,270228.83703447273,643.5979823140822,0.38676359012897793,2025-12-15 23:59:11.853449
86977.42298509888,165688.56601759067,692.6770215367684,0.5504188032311093,2025-12-15 23:59:11.853449
52353.493030481935,136774.47403903614,752.0047373856116,0.45991064684634964,2025-12-15 23:59:11.853449
39623.94999910471,279073.3794815017,650.4858531496277,0.2993352531537886,2025-12-15 23:59:11.853449
48890.760501217716,252584.571565851,567.4068376374876,0.31063218929245534,2025-12-15 23:59:11.853449
75372.89912551915,175876.90673854938,717.1826867579682,0.512559574564715,2025-12-15 23:59:11.853449
41018.608954882904,177820.21512351834,641.8782566704623,0.34943345515549373,2025-12-15 23:59:11.853449
38413.73588694569,297526.0870648862,608.6200004545783,0.26763120650747363,2025-12-15 23:59:11.853449
43793.36012290545,158635.28642796032,642.5392766172065,0.36937548726991215,2025-12-15 23:59:11.853449
35793.413659601894,328560.3771953578,668.928478540649,0.26921831905507065,2025-12-15 23:59:11.853449
54085.39537191152,175962.7559211279,643.7153201277073,0.4003051859180446,2025-12-15 23:59:11.853449
79619.53379398253,268303.515536503,547.6660365740559,0.41011041549276095,2025-12-15 23:59:11.853449
57492.3476429725,210282.89145506092,733.8239718132279,0.43601795606943605,2025-12-15 23:59:11.853449
47709.99046385311,266191.2458649406,756.4925024767233,0.38226453903479785,2025-12-15 23:59:11.853449
47039.20842843575,197353.15987314846,719.0913194803703,0.3964479897016623,2025-12-15 23:59:11.853449
25425.75625215683,220232.42563566234,611.738859774511,0.25722029660676543,2025-12-15 23:59:11.853449
67012.8662115017,232455.15052374327,667.9105079631489,0.4324077691246465,2025-12-15 23:59:11.853449
50676.76765078236,169868.75265311165,679.6087210862325,0.40608355530392226,2025-12-15 23:59:11.853449
48931.84146895936,274449.4607252076,715.9276633737146,0.3651762634926957,2025-12-15 23:59:11.853449
106282.82865336264,199207.18601170488,720.1004293230849,0.6189646830611729,2025-12-15 23:59:11.853449
57078.79944221667,216284.0050795989,635.9495720732903,0.3888207339206994,2025-12-15 23:59:11.853449
39219.55214838187,170339.03752348927,684.9197333848136,0.365058353907878,2025-12-15 23:59:11.853449
44751.920864505766,76259.98047228137,707.4368242769144,0.440882728262007,2025-12-15 23:59:11.853449
71523.57705634483,218538.33424398987,767.349339328806,0.4995085046779222,2025-12-15 23:59:11.853449
53925.596979142,374756.92529677495,722.2703923894834,0.338585663167256,2025-12-15 23:59:11.853449
27549.274368604765,277076.2572738814,727.3434012425312,0.2884283293984661,2025-12-15 23:59:11.853449
67626.89188777846,228844.3772159363,685.0295976757617,0.44393121119577406,2025-12-15 23:59:11.853449
40641.550545837104,214226.55024750394,764.6275487122102,0.38416357302818205,2025-12-15 23:59:11.853449
83846.06219569828,231347.9535687228,704.5857677575699,0.5123146168962983,2025-12-15 23:59:11.853449
70360.81711714902,262827.1469105126,628.3347253895857,0.4131368270399712,2025-12-15 23:59:11.853449
44395.52777380123,159151.2310814693,764.2021982075114,0.42454669275261936,2025-12-15 23:59:11.853449
73777.27814949692,296859.30168013234,721.8741963523416,0.45052250933346794,2025-12-15 23:59:11.853449
53153.543678965856,272922.87892647466,653.4173587322911,0.35448793730900946,2025-12-15 23:59:11.853449
66497.15247707773,273091.14354247606,651.2304219560453,0.4036709641422073,2025-12-15 23:59:11.853449
60240.457894006075,256308.54432858364,697.7945327084457,0.40852378391100597,2025-12-15 23:59:11.853449
37611.93686515515,231176.99946163938,707.7910877160551,0.33979292227900626,2025-12-15 23:59:11.853449
41059.65285060315,270371.6741580092,691.8375359378724,0.3269820186352038,2025-12-15 23:59:11.853449
69509.33389887973,265508.84802448266,698.678520406573,0.43937689373023714,2025-12-15 23:59:11.853449
46308.8193541888,208757.55734353856,781.9974424745828,0.4157067840665347,2025-12-15 23:59:11.853449
45137.97612488606,195583.89362618595,744.2925891340932,0.40115205224371026,2025-12-15 23:59:11.853449
35762.916151061,236111.3777157192,691.4381354759015,0.32332079714854267,2025-12-15 23:59:11.853449
59201.184115088836,322941.20908971125,736.478634846049,0.38952373580235267,2025-12-15 23:59:11.853449
87062.92362713347,155653.57546076595,618.0485657883477,0.5229542124042101,2025-12-15 23:59:11.853449
33851.94045767736,141948.48405485362,703.8756229968085,0.3667684527088769,2025-12-15 23:59:11.853449
52411.730763436884,239885.650474191,788.5583809839866,0.4265976736874868,2025-12-15 23:59:11.853449
76007.7494420623,233053.26211136108,666.9172462764576,0.46553931601167714,2025-12-15 23:59:11.853449
50646.096348822844,240400.4998622245,629.1419642828549,0.35005893641254693,2025-12-15 23:59:11.853449
59690.320536245476,244637.19187451003,640.8746666844164,0.38718913515746756,2025-12-15 23:59:11.853449
33939.31002150304,216607.8647219117,614.6220177594566,0.2922611170901819,2025-12-15 23:59:11.853449
59281.22065253003,319391.8063161249,632.9142855123378,0.3462833267926717,2025-12-15 23:59:11.853449
48818.54749492267,133945.7612914091,657.7695140845983,0.40679485507435986,2025-12-15 23:59:11.853449
68757.40992655767,180290.17851318524,595.6659788492815,0.4324544228162668,2025-12-15 23:59:11.853449
72185.56287660077,223804.71439105715,680.9371000369762,0.4617194714354335,2025-12-15 23:59:11.853449
96022.58191431643,131408.67133074996,734.1366304271988,0.6190308750371714,2025-12-15 23:59:11.853449
61853.76394463079,219448.73573407572,625.5346291911848,0.4007220619170491,2025-12-15 23:59:11.853449
57538.53738189683,329688.2099436811,771.1570354185061,0.39517762458012995,2025-12-15 23:59:11.853449
55304.53312681471,231253.1892977577,710.6475253116557,0.4075911250629066,2025-12-15 23:59:11.853449
45996.173022218296,243842.054343121,741.8348351374434,0.38014026340541107,2025-12-15 23:59:11.853449
57754.22533884875,154390.11408964518,640.5299267688717,0.42307798373227196,2025-12-15 23:59:11.853449
46978.1760276365,193018.31551763136,731.271513623997,0.4036207096217759,2025-12-15 23:59:11.853449
54863.836596583445,207488.21718056378,614.4839659762812,0.37532934345988744,2025-12-15 23:59:11.853449
74399.15810533531,210937.09419462597,733.4148500501906,0.49915465479012805,2025-12-15 23:59:11.853449
34888.7763902461,306898.62770022615,690.3103603876119,0.28555451138573473,2025-12-15 23:59:11.853449
71377.93553919377,263461.46364350745,713.195073199087,0.4537344234004784,2025-12-15 23:59:11.853449
74390.95614477771,163312.52258377807,609.464323662509,0.4678354709209608,2025-12-15 23:59:11.853449
49992.83504115166,244790.2867059203,626.2958094634038,0.3442494594788321,2025-12-15 23:59:11.853449
15928.466716853894,259893.3049098071,715.8336930952031,0.2479137428789595,2025-12-15 23:59:11.853449
41667.02621939465,298408.942311276,623.099119746548,0.28577696095853994,2025-12-15 23:59:11.853449
74048.90729153885,324832.4411941024,707.7923775259474,0.43196325888622605,2025-12-15 23:59:11.853449
51611.242940919,169094.3484903279,597.9717316123853,0.37430635396766604,2025-12-15 23:59:11.853449
35011.862050986514,181348.5493273797,730.8904527600001,0.36402094231438376,2025-12-15 23:59:11.853449
43418.82633912031,154545.32846512302,606.0486011138895,0.35398722786979914,2025-12-15 23:59:11.853449
66290.5404505774,215958.80845358112,713.1379962607714,0.4573680477879126,2025-12-15 23:59:11.853449
61294.470659423445,257981.50246678008,717.5378560187601,0.4203129960241827,2025-12-15 23:59:11.853449
47938.1543141152,289240.0709953461,638.1936908942255,0.3203750164035761,2025-12-15 23:59:11.853449
45763.984999150314,225442.93858144863,714.9215940250837,0.376341534346639,2025-12-15 23:59:11.853449
45340.111466255024,210809.14860470936,695.6265358000134,0.37334198614349795,2025-12-15 23:59:11.853449
36319.026863525454,239105.4795349244,647.6694886284357,0.30485449438263246,2025-12-15 23:59:11.853449
79461.38672098052,179891.42590219862,619.4867189554275,0.48333764113173855,2025-12-15 23:59:11.853449
46520.552023407225,355372.32330168644,562.2424584996453,0.25010897660378584,2025-12-15 23:59:11.853449
72691.69485403344,133540.33837291648,700.9790028379816,0.5157146553443148,2025-12-15 23:59:11.853449
77862.37288268167,241084.43473374346,586.1118337182767,0.43336103190234737,2025-12-15 23:59:11.853449
68971.28526851532,351416.3731537784,685.7206519664785,0.39044814097796404,2025-12-15 23:59:11.853449
44662.45468379318,230407.99067359985,664.193107035065,0.34764976487396454,2025-12-15 23:59:11.853449
58863.41153572236,218597.65789991032,720.7485665262917,0.4314738016571299,2025-12-15 23:59:11.853449
51588.67469135443,208553.27463137437,661.8772700306082,0.3831972046784938,2025-12-15 23:59:11.853449
36637.068367587824,219176.49909425553,660.2331328191746,0.3211078695126679,2025-12-15 23:59:11.853449
57514.10778926725,312370.90848059184,723.9122422572977,0.3827589078395427,2025-12-15 23:59:11.853449
31956.323550283356,97288.2853202296,700.103481745047,0.37942680502522486,2025-12-15 23:59:11.853449
72190.54960384658,322006.0220777795,698.9693574309667,0.42247152518325587,2025-12-15 23:59:11.853449
44101.50594592732,144562.5708529913,708.1560553885116,0.4059582099949238,2025-12-15 23:59:11.853449
55419.71414983827,214000.86024593512,587.8656726075736,0.36266569309619245,2025-12-15 23:59:11.853449
56815.89381628441,204245.3347820803,725.407320799219,0.43269351544305745,2025-12-15 23:59:11.853449
47598.61544703069,265313.1961862432,716.7481276408162,0.3649032181211228,2025-12-15 23:59:11.853449
61973.79462507967,134112.53888697515,618.9990122854101,0.4392869041869956,2025-12-15 23:59:11.853449
43926.63783741708,257730.35996491657,665.3551715795479,0.3322711844187795,2025-12-15 23:59:11.853449
66812.05405677315,351458.57739721116,677.6415627423421,0.37877189280647383,2025-12-15 23:59:11.853449
29118.345435805277,148209.55972443137,671.930192935896,0.33199107547815027,2025-12-15 23:59:11.853449
54148.452852289,241382.37005662374,700.0315979941121,0.39373939360780663,2025-12-15 23:59:11.853449
84961.79298399083,190281.06933220345,765.882006909871,0.5630085710199833,2025-12-15 23:59:11.853449
34994.36748170523,255553.23237158215,744.9060036603697,0.33445390901700967,2025-12-15 23:59:11.853449
40478.33550107753,231148.8666449451,601.2668483941156,0.30405547766671537,2025-12-15 23:59:11.853449
60736.43344420155,191510.7854573414,717.3241994183629,0.4500308799850925,2025-12-15 23:59:11.853449
55052.89029297316,259272.33709226444,759.7359991721246,0.4146385379169742,2025-12-15 23:59:11.853449
57960.7116876505,338260.8865872046,703.2085112413522,0.36296526231567927,2025-12-15 23:59:11.853449
60316.18121251028,218545.77249636207,745.458825511158,0.4477617957737649,2025-12-15 23:59:11.853449
62790.264965550086,273185.4765288909,800.7362267420459,0.45499138132561034,2025-12-15 23:59:11.853449
70864.89731325579,152403.6225277302,741.4225727664189,0.5174526524467491,2025-12-15 23:59:11.853449
58966.91716778471,172613.8173909195,694.9585157385037,0.4426721163726457,2025-12-15 23:59:11.853449
47898.61987148478,258344.37667282263,742.7053084450852,0.38071818976358685,2025-12-15 23:59:11.853449
63433.75292044643,319046.9617121579,688.6932699858135,0.38644607587019497,2025-12-15 23:59:11.853449
84297.99289321867,251336.8009271396,681.4341825970973,0.49430461929061575,2025-12-15 23:59:11.853449
49745.22631149625,211216.51816861075,658.9151458571761,0.37368662541558817,2025-12-15 23:59:11.853449
35433.00182059909,229957.48432540125,773.8048015299265,0.3610182279210493,2025-12-15 23:59:11.853449
70820.37137787853,154975.53596181696,630.89428004348,0.46776227339144166,2025-12-15 23:59:11.853449
49953.52021278883,266270.919581322,771.942063480687,0.3974195801478175,2025-12-15 23:59:11.853449
15064.617717761386,282939.98373940453,709.9918474244223,0.23104609357822878,2025-12-15 23:59:11.853449
66406.16851155716,202874.58003001517,596.0416295118835,0.41292716575616634,2025-12-15 23:59:11.853449
42899.42083878331,201797.4711344299,702.0589575794853,0.3712929140022519,2025-12-15 23:59:11.853449
50460.934200829266,245952.6937791229,553.9984095409026,0.313867522264144,2025-12-15 23:59:11.853449
57643.66561967325,203796.81583756427,717.5304810098621,0.4325829288635681,2025-12-15 23:59:11.853449
55238.49455624413,226032.04312245065,733.1138889793394,0.41966436773041516,2025-12-15 23:59:11.853449
64060.68089136367,355983.30734999094,644.4586426608768,0.3517476420076595,2025-12-15 23:59:11.853449
44596.73170031267,215178.4579552402,687.4128617573349,0.36485819064127767,2025-12-15 23:59:11.853449
60722.79856899341,208499.59087872668,797.2494460250172,0.47674162093269523,2025-12-15 23:59:11.853449
47587.70648107341,191147.49166189044,649.6551977442838,0.37115596822073044,2025-12-15 23:59:11.853449
64559.77817508755,274651.5182899962,616.465544776604,0.380442235806964,2025-12-15 23:59:11.853449
62461.24722822191,219126.54960691382,768.899804147756,0.46579701816459507,2025-12-15 23:59:11.853449
36097.54206524188,191037.61770071444,797.7552314318477,0.39266756466610675,2025-12-15 23:59:11.853449
70461.69597497555,309278.24193638074,680.2217403108708,0.41388475477551545,2025-12-15 23:59:11.853449
42888.621433061184,315176.18027081824,740.6877821245014,0.3336974683403246,2025-12-15 23:59:11.853449
65736.98257077947,193974.58605567768,760.4885549318528,0.48652566269914405,2025-12-15 23:59:11.853449
58243.88432782279,118007.60291836303,635.450946047697,0.44016851445603317,2025-12-15 23:59:11.853449
83249.12250551708,290450.8213902153,650.8816498779279,0.4582312747431783,2025-12-15 23:59:11.853449
48201.07829967851,188922.21045439976,753.8524707892841,0.4200548882370592,2025-12-15 23:59:11.853449
46061.61446599064,277437.5359497661,781.1008567225106,0.3814126616584338,2025-12-15 23:59:11.853449
51669.86669990855,111793.77093728987,713.7728516104613,0.4526276769260619,2025-12-15 23:59:11.853449
46845.943691817316,283555.8402979586,627.2111387898767,0.31419522974155145,2025-12-15 23:59:11.853449
65599.01233301485,157329.68424315314,799.2236667019665,0.5205217410920472,2025-12-15 23:59:11.853449
24522.719656578007,273845.8471439915,648.1417461312822,0.24398666580745332,2025-12-15 23:59:11.853449
34087.398874511986,230856.38407018606,659.8917331297129,0.3057556187624505,2025-12-15 23:59:11.853449
33847.35033315372,172763.63483620132,700.5402700693772,0.35050020143821703,2025-12-15 23:59:11.853449
68155.22906355078,205577.82122439318,773.2496252428864,0.4956314389430938,2025-12-15 23:59:11.853449
81080.42733389273,271179.10741740203,731.2385585931335,0.49442797865656374,2025-12-15 23:59:11.853449
50224.363284862986,236353.66718691404,704.8919300217146,0.383508508237138,2025-12-15 23:59:11.853449
49130.03070576982,265064.7788283491,707.7973118070863,0.36687555546360406,2025-12-15 23:59:11.853449
53190.88677292408,348586.4350709291,682.610880118608,0.3310579252222788,2025-12-15 23:59:11.853449
71751.93114433924,136145.50329733692,713.4883708711104,0.5163922664465745,2025-12-15 23:59:11.853449
36234.996718760245,327032.7544981174,528.2263953383418,0.2101430927969641,2025-12-15 23:59:11.853449
56052.27270649135,236261.35625139278,662.2035524558121,0.3868365320504928,2025-12-15 23:59:11.853449
68578.3597063013,176072.95710061232,694.4793160950069,0.4769751670038967,2025-12-15 23:59:11.853449
60518.600888977366,150181.1824556606,610.9391549828296,0.422574721327728,2025-12-15 23:59:11.853449
55222.88748217864,218652.776553378,703.1793990686936,0.4100703781686452,2025-12-15 23:59:11.853449
69017.7835736414,285299.00671546755,667.7317267408328,0.41450584759462883,2025-12-15 23:59:11.853449
6045.051019012972,222347.05277734794,785.3285418989294,0.2591035857935522,2025-12-15 23:59:11.853449
63523.88043202543,320669.2958148408,774.3811835128914,0.42344212269928283,2025-12-15 23:59:11.853449
40880.7133868338,142929.45859690645,652.0516658529102,0.3701095214204198,2025-12-15 23:59:11.853449
20879.240753440234,229274.66312923672,670.9497373059983,0.2616365718189383,2025-12-15 23:59:11.853449
60690.444191924675,154856.39333521284,675.5631460634964,0.44921017997514084,2025-12-15 23:59:11.853449
75352.19526777028,251817.91295749808,652.9004314304226,0.44793980420607293,2025-12-15 23:59:11.853449
49663.37525132924,283213.24340583803,691.7014990416876,0.3531380538656963,2025-12-15 23:59:11.853449
68198.86730244996,204754.2923791368,634.5030758667446,0.4355748491121371,2025-12-15 23:59:11.853449
79408.73038580696,73747.16860237194,612.1630799037484,0.5308978784082877,2025-12-15 23:59:11.853449
74353.5457109288,241936.88880778968,717.3626734340161,0.47708758985153454,2025-12-15 23:59:11.853449
79879.39699931367,256204.31310401057,717.7717750533086,0.4912135591511988,2025-12-15 23:59:11.853449
64616.16734822217,254257.68529770186,631.7410544204005,0.3971188100558223,2025-12-15 23:59:11.853449
53282.371861327076,304146.93150932924,733.7213258457559,0.37506620889820497,2025-12-15 23:59:11.853449
24766.581197748135,165736.77922105708,642.1053362500801,0.29416850214465157,2025-12-15 23:59:11.853449
47816.93770179088,270812.96632702695,695.1899142822789,0.35366609577065145,2025-12-15 23:59:11.853449
37664.80787962474,301550.45074867853,729.2206407567473,0.315569080955915,2025-12-15 23:59:11.853449
88906.02619746284,123284.74495960899,677.9832461177772,0.5716150350013578,2025-12-15 23:59:11.853449
49009.94118865028,249179.10955513862,707.2844547284681,0.37382596512551913,2025-12-15 23:59:11.853449
54094.48171533625,199749.2101395397,649.0142213667457,0.3912349303362968,2025-12-15 23:59:11.853449
61375.25139268795,225108.63961390124,668.2120049943142,0.414849013335621,2025-12-15 23:59:11.853449
52741.241588331715,250860.5890123002,667.6484341471796,0.3697452717971084,2025-12-15 23:59:11.853449
80815.86768732281,200766.28615318687,635.2052992075857,0.4852808352011102,2025-12-15 23:59:11.853449
41414.96085051432,189457.5152503033,669.3935502130531,0.3573592782280588,2025-12-15 23:59:11.853449
55308.326739033124,232049.14504928148,587.0829020681751,0.35323983696953515,2025-12-15 23:59:11.853449
39378.00004313318,164765.24366823185,650.5307751714737,0.3533065647947683,2025-12-15 23:59:11.853449
29559.617309248002,164850.49226688888,662.9074703978198,0.3217209159918275,2025-12-15 23:59:11.853449
41599.925454610144,270762.3969773902,664.6292148502772,0.31694089097080713,2025-12-15 23:59:11.853449
51370.374450177,161072.35789048063,665.5101532477532,0.40675752641612883,2025-12-15 23:59:11.853449
44701.862183206584,269978.7500545527,676.2941480083923,0.3340876043777281,2025-12-15 23:59:11.853449
40228.84334214445,257755.47757123708,708.7664910851638,0.3373080401144966,2025-12-15 23:59:11.853449
28092.603117578823,126451.5962725642,732.4710244479513,0.36502560380349264,2025-12-15 23:59:11.853449
50587.20526531219,189346.1208598607,641.014086389104,0.379534351798571,2025-12-15 23:59:11.853449
26419.753641472962,301646.5641828424,607.8079486766513,0.22015839673363471,2025-12-15 23:59:11.853449
64920.951382723244,171130.0681316191,617.4773352654138,0.4319423928287882,2025-12-15 23:59:11.853449
53401.47579988655,202135.74426143675,650.7678247283044,0.3882471613513626,2025-12-15 23:59:11.853449
27221.624509096182,257723.65359511378,658.8847209310095,0.2665775292362749,2025-12-15 23:59:11.853449
46743.44569015232,277003.43055695575,633.8002360281525,0.3198338439659872,2025-12-15 23:59:11.853449
39213.34110496008,214907.66683733027,602.2330001450064,0.30751382821177453,2025-12-15 23:59:11.853449
57425.96667712607,194149.3883185015,652.6327503515487,0.40804237193958826,2025-12-15 23:59:11.853449
74787.65758239345,315342.19170191046,690.8855972068383,0.431913373065247,2025-12-15 23:59:11.853449
20122.068016022342,334333.9798278547,715.7017679501339,0.22790124472192547,2025-12-15 23:59:11.853449
53955.44334550609,288731.4830469077,646.5546168135007,0.3469182638779429,2025-12-15 23:59:11.853449
49277.742475367115,235119.08855390144,655.2201306713939,0.35883773144062714,2025-12-15 23:59:11.853449
63412.781299657916,181504.0567015444,624.3981014691614,0.42430953396981796,2025-12-15 23:59:11.853449
55624.34268004072,180173.3356066061,678.1136497775134,0.4191037443552689,2025-12-15 23:59:11.853449
39216.52136044008,261350.84631594544,629.0942819485512,0.29696451383898614,2025-12-15 23:59:11.853449
46576.08309366749,255103.89325332103,714.387668794472,0.3649249333417347,2025-12-15 23:59:11.853449
38467.56043434069,314095.91557678574,572.8480104839533,0.24425067375834472,2025-12-15 23:59:11.853449
70292.12135617617,269027.00555216835,658.4222196528523,0.4230465974895051,2025-12-15 23:59:11.853449
52362.29802742302,139815.18189441093,698.0664403515045,0.43491920045167304,2025-12-15 23:59:11.853449
84320.24165780112,293116.8570633751,691.0300709793503,0.47852277479304883,2025-12-15 23:59:11.853449
50968.76616515145,170116.36236113522,841.5820198388299,0.47782721878510953,2025-12-15 23:59:11.853449
39957.08496252213,206961.7236828589,700.9880014740745,0.3572721554283358,2025-12-15 23:59:11.853449
26266.85532558194,245012.01237510168,619.7567241894794,0.2519924435186393,2025-12-15 23:59:11.853449
21346.625503648935,349740.04938703787,674.2721451746556,0.20701378520333127,2025-12-15 23:59:11.853449
25069.688968906674,416595.1133603216,573.4252199920129,0.14487131628334832,2025-12-15 23:59:11.853449
56541.15306719522,266403.38354817097,675.1640150421944,0.3798680185419057,2025-12-15 23:59:11.853449
60648.325394908876,219008.20287677672,630.0166365799545,0.3983549527034688,2025-12-15 23:59:11.853449
25119.75806545373,262070.33890883302,734.9234165336097,0.28980040768585835,2025-12-15 23:59:11.853449
67215.65133929397,283259.3255524302,647.0275835242679,0.39965734583687695,2025-12-15 23:59:11.853449
43787.962121381526,210759.9424665685,672.9940450522852,0.3576362489179484,2025-12-15 23:59:11.853449
54495.48120375434,337712.68135473935,641.8665295157358,0.3233875545966581,2025-12-15 23:59:11.853449
79407.75068034221,243804.2455514841,784.3310811111999,0.5244702669905897,2025-12-15 23:59:11.853449
67246.26836971405,259864.58534548365,660.7254340329252,0.416988353914746,2025-12-15 23:59:11.853449
47434.97898560085,269955.45512326766,789.9534226087521,0.39404094063317063,2025-12-15 23:59:11.853449
36849.732167940114,255295.19663686733,728.849105727096,0.3345455260433677,2025-12-15 23:59:11.853449
15419.138177401815,280336.43002817675,708.9240036401231,0.23316374285407704,2025-12-15 23:59:11.853449
39774.39357287886,192964.8088071846,702.1239888390512,0.3638005566354193,2025-12-15 23:59:11.853449
48410.78593992919,196501.89476323818,703.6278378929751,0.3952629061533952,2025-12-15 23:59:11.853449
35217.94803842987,163990.7460216983,564.3396452392634,0.3003663032350374,2025-12-15 23:59:11.853449
49768.63155943082,256370.07383721357,663.2669963509546,0.3539985377906209,2025-12-15 23:59:11.853449
53306.482010299056,276736.19021072687,730.7094782710593,0.3870005352929442,2025-12-15 23:59:11.853449
48177.44830926266,257466.37196911316,677.0661689915537,0.3535123792261672,2025-12-15 23:59:11.853449
40949.95612600118,330469.54600085225,595.6886091917855,0.25571128274215005,2025-12-15 23:59:11.853449
54867.12942343437,229664.23887025722,676.8557329653519,0.3919446618233162,2025-12-15 23:59:11.853449
59512.991042679954,270124.49933555076,782.2463309753294,0.43604879652457273,2025-12-15 23:59:11.853449
33463.215683471615,164497.94743164114,754.8135029320831,0.37673382767779207,2025-12-15 23:59:11.853449
75985.8504556866,206774.01785153593,676.2797594380381,0.48216343683022744,2025-12-15 23:59:11.853449
50324.001751167554,271732.26545394666,737.0869566234852,0.3809643589192457,2025-12-15 23:59:11.853449
52320.44359006241,280946.12664458866,658.0095787779169,0.34950697763448224,2025-12-15 23:59:11.853449
64039.645195361474,212361.98314014907,577.7677047903969,0.3914823273367575,2025-12-15 23:59:11.853449
55964.67423147953,225704.044888516,624.5320407122267,0.3751171400706896,2025-12-15 23:59:11.853449
68203.32277652516,138927.57519915144,773.7733261104919,0.5280388513530295,2025-12-15 23:59:11.853449
56881.11080843101,208578.24795160344,663.5604150902418,0.40383886614956366,2025-12-15 23:59:11.853449
41588.56463111256,283422.98981118714,665.3969612374989,0.31115542200354007,2025-12-15 23:59:11.853449
58145.55992850373,264512.30096639396,662.0097082235071,0.381067238535436,2025-12-15 23:59:11.853449
32556.65447554875,260039.94328287258,794.2481953743804,0.3446823078332111,2025-12-15 23:59:11.853449
53845.514998200895,232986.4212308576,777.5575349217238,0.4304998845159322,2025-12-15 23:59:11.853449
51435.090159044164,230423.78951769057,813.126814006888,0.4381980801746797,2025-12-15 23:59:11.853449
48462.01342636682,190380.73163159317,670.4572873759969,0.383902673964588,2025-12-15 23:59:11.853449
49814.862305538176,271929.7052121521,697.7374693248257,0.36176223101761507,2025-12-15 23:59:11.853449
20008.566226540137,255258.3766633634,589.0014470347526,0.2100835065003675,2025-12-15 23:59:11.853449
42671.67656840365,259521.13087956797,768.6160655670965,0.37180142704352903,2025-12-15 23:59:11.853449
53578.36331939895,198437.9094399452,609.9332269239239,0.3728481569678016,2025-12-15 23:59:11.853449
54717.55866395581,100799.42480772534,693.0065338257577,0.4603035116203063,2025-12-15 23:59:11.853449
34529.52260425872,295829.16270522174,614.1618483420293,0.25624861244609654,2025-12-15 23:59:11.853449
73517.03329469991,201269.75263949574,644.6679903956782,0.461703753406739,2025-12-15 23:59:11.853449
37275.02758035349,178233.45415741275,629.7642541370179,0.3298535194824305,2025-12-15 23:59:11.853449
68480.77240895452,271608.7347148396,643.5274843594509,0.4084827892567287,2025-12-15 23:59:11.853449
59262.304151818644,206479.24160485223,647.6526378110613,0.4068584280977,2025-12-15 23:59:11.853449
41014.13573265535,293596.1830427973,647.1038723044953,0.29611759971620044,2025-12-15 23:59:11.853449
82180.2851743617,267020.35697460186,730.0000347068184,0.5000227924382213,2025-12-15 23:59:11.853449
31708.17386013984,271014.15939202864,613.7082324162488,0.25734541477985695,2025-12-15 23:59:11.853449
67625.62095137003,148042.65732796793,693.232485620832,0.48630162787233294,2025-12-15 23:59:11.853449
69009.89940673063,302716.639123184,753.0775491383336,0.4434005236102576,2025-12-15 23:59:11.853449
40599.45644569704,245675.03187403135,649.2082181291962,0.3184823953287232,2025-12-15 23:59:11.853449
75671.91010109358,207843.3716452278,636.9248665551439,0.46327499687349083,2025-12-15 23:59:11.853449
47749.2092518178,238603.30804053508,666.168522489185,0.3561954985090461,2025-12-15 23:59:11.853449
56907.791697757566,123425.88602610081,750.7835125016426,0.4829258346959974,2025-12-15 23:59:11.853449
56425.47125911075,254519.16868884026,691.6464578572014,0.392338968106335,2025-12-15 23:59:11.853449
49716.75139500069,168237.7095090757,648.127142323544,0.38949972119662624,2025-12-15 23:59:11.853449
65783.7406437163,148839.78284938794,709.0325990712823,0.4858897672398054,2025-12-15 23:59:11.853449
65489.30824938762,138658.44882692653,613.8624710098146,0.44809120534256563,2025-12-15 23:59:11.853449
22274.956454950927,296761.3024993955,720.8815706265768,0.2563046901135443,2025-12-15 23:59:11.853449
74173.78412892859,192244.19637843268,704.5164384621061,0.4946553205271086,2025-12-15 23:59:11.853449
23737.636203393537,322023.66259498993,661.531491731667,0.2237524164051211,2025-12-15 23:59:11.853449
69553.28547380818,197851.91221686214,629.6848520931661,0.44188096551677725,2025-12-15 23:59:11.853449
71153.98732606892,127558.52254442319,626.7991446629926,0.48039117790642394,2025-12-15 23:59:11.853449
33453.57068634163,163008.53360308043,712.0890401807546,0.3587469237111931,2025-12-15 23:59:11.853449
45016.15710477206,304148.69720041635,753.7388301493437,0.35270043911301296,2025-12-15 23:59:11.853449
33203.02063573909,220646.10932379996,641.7615351782723,0.29940819841677024,2025-12-15 23:59:11.853449
48346.342485091496,197102.76221056393,707.503202213089,0.3964249902656592,2025-12-15 23:59:11.853449
46763.417168842396,239601.09355116726,554.7783788838759,0.3033418058756345,2025-12-15 23:59:11.853449
65254.22904857878,260106.9641700527,644.922936160568,0.402471003511262,2025-12-15 23:59:11.853449
74275.24868403334,297043.9289541476,678.1364640277459,0.4331996789793774,2025-12-15 23:59:11.853449
75726.62478342926,316909.9537935756,625.41899498109,0.40609323227797245,2025-12-15 23:59:11.853449
42443.14354816887,208413.88125265486,623.8096175126243,0.3322133660541754,2025-12-15 23:59:11.853449
48443.228146343026,150437.1388350777,639.9332266118669,0.3896727101599997,2025-12-15 23:59:11.853449
23381.550732243846,205192.09033260343,697.5315636995824,0.29422892553309754,2025-12-15 23:59:11.853449
38300.20886956479,245616.83039497316,668.7602588956175,0.3183989988270203,2025-12-15 23:59:11.853449
68402.47776265678,172174.46442736336,545.7061260005016,0.4131881579816351,2025-12-15 23:59:11.853449
79464.90800031993,172570.94510629744,552.757990841896,0.4577125957650516,2025-12-15 23:59:11.853449
31016.069178041325,250627.27289299312,643.5880893285695,0.27758207500311427,2025-12-15 23:59:11.853449
41928.1075944008,227080.85890577294,707.4611951632131,0.3578593768821805,2025-12-15 23:59:11.853449
51551.10213169824,231967.8197246952,515.1497094364859,0.3077119224294759,2025-12-15 23:59:11.853449
56762.739699933314,184490.27991799582,650.0161894309022,0.4090403227025286,2025-12-15 23:59:11.853449
38236.74016133202,216175.95714765397,648.4251286089548,0.32341007928074766,2025-12-15 23:59:11.853449
59209.03775588953,174546.01134390174,763.3002666925069,0.4725131717119958,2025-12-15 23:59:11.853449
43944.73109979443,283411.9046674872,656.8986912972282,0.3163155171778585,2025-12-15 23:59:11.853449
51754.31139506926,292114.96008342516,702.9793390844557,0.361660935138422,2025-12-15 23:59:11.853449
61286.83221606289,119228.72826571437,688.4754284052478,0.47420010161744613,2025-12-15 23:59:11.853449
52109.17858678594,174229.3483884554,552.1660112115679,0.3537033338463292,2025-12-15 23:59:11.853449
44581.43986104833,140208.24469459525,726.0924329979042,0.417691018853314,2025-12-15 23:59:11.853449
50136.63333326088,190998.5639355861,692.9237903273772,0.39972382952373964,2025-12-15 23:59:11.853449
50497.8296935093,224993.72181257835,710.4961183804754,0.3924398029513959,2025-12-15 23:59:11.853449
45709.81249200383,143021.2868180882,915.5742623861796,0.5033688377848438,2025-12-15 23:59:11.853449
47600.46693465926,174688.4112124812,554.9532236300847,0.3377319047717446,2025-12-15 23:59:11.853449
79177.00189858019,169762.5576751101,783.4817989856665,0.5587769104529112,2025-12-15 23:59:11.853449
61535.63061500106,242436.03976393663,662.7531488359787,0.4047491384087604,2025-12-15 23:59:11.853449
46976.834593504274,234160.66022217504,697.2397342641806,0.3689959943636751,2025-12-15 23:59:11.853449
63848.22487668251,186695.7467997648,677.2692652819254,0.44655448554062555,2025-12-15 23:59:11.853449
46325.06867414783,240609.2523283639,654.5458199961174,0.34479488953552767,2025-12-15 23:59:11.853449
71943.1188389729,197199.19492476407,645.8100243056745,0.45823339856593803,2025-12-15 23:59:11.853449
58283.91726736759,213700.6933804368,699.7705241343806,0.42247881983858315,2025-12-15 23:59:11.853449
50175.86355192811,330407.1254179122,588.9695781996993,0.28752791044474324,2025-12-15 23:59:11.853449
59611.18773877472,310427.6631074209,725.034750051306,0.39207468248047883,2025-12-15 23:59:11.853449
25295.10541483551,152025.12578434416,655.0283357068847,0.30838620514945475,2025-12-15 23:59:11.853449
32844.95302853331,279783.94507275044,612.1958396575785,0.25675277134992047,2025-12-15 23:59:11.853449
31703.274891216057,278683.79326949554,652.9992285202512,0.27081053916630105,2025-12-15 23:59:11.853449
54430.03261098301,161104.2026748429,755.4289530117544,0.457541503325442,2025-12-15 23:59:11.853449
81452.75499124656,279126.65862529166,647.8798947790266,0.45559568041271736,2025-12-15 23:59:11.853449
89932.10248527475,322275.91510475316,701.5072170925772,0.4902218031210561,2025-12-15 23:59:11.853449
62846.86872449287,162647.31162533516,636.1426234570716,0.4363634868922042,2025-12-15 23:59:11.853449
60514.356074055766,174949.83073914418,725.4753109954172,0.4607067983444472,2025-12-15 23:59:11.853449
21382.01851940344,291059.6880106102,721.1304643274123,0.2557900625221645,2025-12-15 23:59:11.853449
42774.54540452163,246289.71864953887,790.9165299977847,0.38828346933870567,2025-12-15 23:59:11.853449
38607.676217559936,263088.5765143714,669.4661632700471,0.3114766853765855,2025-12-15 23:59:11.853449
41445.59082973102,250435.3529840298,720.1192882854743,0.35036144355228077,2025-12-15 23:59:11.853449
49141.55508405858,253441.75525568865,685.8840523723367,0.36292537900275046,2025-12-15 23:59:11.853449
43974.46017914884,150411.67230133503,757.7523069117808,0.42433983937461356,2025-12-15 23:59:11.853449
18351.90322361161,292839.0623972869,636.8700567434762,0.20671979951003258,2025-12-15 23:59:11.853449
64714.47435399808,300175.3995456664,724.7003187726368,0.4160569452752398,2025-12-15 23:59:11.853449
33763.36856242329,216236.55535591833,668.318162232999,0.31523621422005343,2025-12-15 23:59:11.853449
56067.19668988954,227391.38301116825,676.1487093734902,0.39724343733464546,2025-12-15 23:59:11.853449
87259.40538574955,138133.54984665668,685.5051490669024,0.5615754573068338,2025-12-15 23:59:11.853449
36370.4619430308,260855.2853610701,695.1344237856007,0.3153430564864656,2025-12-15 23:59:11.853449
8985.112113312396,264323.44650284864,673.0262574126825,0.20095340018430632,2025-12-15 23:59:11.853449
47137.928228038116,226268.53898004134,692.8827909902316,0.3714876660277106,2025-12-15 23:59:11.853449
70716.31379497571,297461.2015922302,774.687083453731,0.46178659667922267,2025-12-15 23:59:11.853449
85291.9067217501,209955.36614120356,739.1269811369131,0.5431168336916573,2025-12-15 23:59:11.853449
31097.656894308915,263876.355553616,732.1492755498138,0.31021947175124087,2025-12-15 23:59:11.853449
60443.886795020866,168820.13967847306,652.6676284385677,0.43157580946180946,2025-12-15 23:59:11.853449
44089.72223473909,228586.8709475457,626.6455503063005,0.3299646120715175,2025-12-15 23:59:11.853449
50198.877976829695,219538.74452582985,737.3180334942651,0.4056515971264878,2025-12-15 23:59:11.853449
96953.8368992896,243518.4753224565,732.5628075517876,0.5680261661361345,2025-12-15 23:59:11.853449
26449.504417282395,207828.3842699985,768.3602405450589,0.33545359813522185,2025-12-15 23:59:11.853449
56313.57424540775,222111.64425969994,643.7611624418462,0.3865557897130344,2025-12-15 23:59:11.853449
59950.78392001236,279562.8302864904,666.2270806783791,0.3824782855478484,2025-12-15 23:59:11.853449
70458.3675239689,203794.14576570695,581.6309502484739,0.42144052458232345,2025-12-15 23:59:11.853449
53665.71360900522,133605.37395567924,656.4517336363476,0.42462506978949605,2025-12-15 23:59:11.853449
57236.85917156974,334975.03425232525,739.7942306347668,0.37780221781447243,2025-12-15 23:59:11.853449
45341.97435382955,312887.2447214292,652.0102772463081,0.3052878377829402,2025-12-15 23:59:11.853449
56575.15800116683,152464.2382936629,718.4287877120494,0.45359787978955024,2025-12-15 23:59:11.853449
46165.73131654402,271382.46831471164,668.5698136401313,0.33554839813423554,2025-12-15 23:59:11.853449
62566.722127552865,199821.5137669194,699.4434216932937,0.4451175848097616,2025-12-15 23:59:11.853449
45716.62428725822,245809.23291986357,611.1385166110599,0.32104459513753447,2025-12-15 23:59:11.853449
58410.70669633717,247653.4477408096,685.112566978034,0.40025204501236517,2025-12-15 23:59:11.853449
51502.53216735537,215935.53198102067,500.5318417459566,0.3088396305915433,2025-12-15 23:59:11.853449
71142.85426312685,182974.0600648162,668.7862305102809,0.472088749139735,2025-12-15 23:59:11.853449
51126.30669899574,188567.53686102445,582.1716053770916,0.35622971296007844,2025-12-15 23:59:11.853449
21858.448040483017,175028.48507112544,752.359670992809,0.32693121835404126,2025-12-15 23:59:11.853449
73452.66551213786,180090.6675061733,726.6444411658707,0.507443431886011,2025-12-15 23:59:11.853449
36602.55088533548,225969.30259703868,708.0002589179649,0.3385855621459612,2025-12-15 23:59:11.853449
40885.97224297006,187054.40065335488,771.2603736295628,0.401026113500189,2025-12-15 23:59:11.853449
41873.758001260634,270923.1239427572,623.0650087505097,0.2997355612051679,2025-12-15 23:59:11.853449
75365.4475839039,319234.7693201556,784.8417918749335,0.47326713664088865,2025-12-15 23:59:11.853449
15693.538362362175,195196.80551779742,735.9314938556231,0.28686964658587294,2025-12-15 23:59:11.853449
105341.7250722199,244364.27003212261,665.8066827668632,0.5700235917581572,2025-12-15 23:59:11.853449
69952.96575412288,259981.10661817604,748.1372088309766,0.4653080162647975,2025-12-15 23:59:11.853449
55795.06154019571,258320.13625515645,613.622389255302,0.35405412737099506,2025-12-15 23:59:11.853449
51066.801989523134,234557.31607496523,630.5291503083396,0.3550535299134129,2025-12-15 23:59:11.853449
56854.41927258017,274560.9451015833,643.4846166056179,0.36329047621115385,2025-12-15 23:59:11.853449
60859.08128244875,258934.93716083944,648.2613375161591,0.38795084038264804,2025-12-15 23:59:11.853449
62968.66496115097,155740.25466036214,616.6065414343848,0.4316028219794212,2025-12-15 23:59:11.853449
61445.27592205862,282149.3638633564,753.3849840257195,0.42493903878071154,2025-12-15 23:59:11.853449
53522.87158133923,283237.45023600454,664.4687359778101,0.35575424712850623,2025-12-15 23:59:11.853449
48645.246854775454,184202.8337492851,701.1502981014128,0.40096747498117324,2025-12-15 23:59:11.853449
49428.3541778903,232276.27012685614,645.7789180151792,0.3566446349136078,2025-12-15 23:59:11.853449
48686.559234004424,270999.73956866417,570.763801967089,0.30248947511637875,2025-12-15 23:59:11.853449
71274.0916467401,217441.1708252383,696.2034415034854,0.468013760337041,2025-12-15 23:59:11.853449
62090.464278774656,294378.6828659607,565.2647014748134,0.33930935787923355,2025-12-15 23:59:11.853449
2013.3932107072324,371832.34967716166,675.8819572348718,0.12434950944693332,2025-12-15 23:59:11.853449
63150.313201005934,182840.83804190106,597.9010976700314,0.4111038343744249,2025-12-15 23:59:11.853449
55310.51531021917,147137.3238107735,799.2365599538484,0.4866993458957934,2025-12-15 23:59:11.853449
51681.95114041975,248229.11573629256,734.6817633304832,0.3963077183054226,2025-12-15 23:59:11.853449
45395.18629748894,273293.7503075686,686.3452274762889,0.33949664469038965,2025-12-15 23:59:11.853449
71109.91623976223,216148.01756931387,755.8224006592801,0.49406328519011344,2025-12-15 23:59:11.853449
68107.94985608858,317195.63979926205,629.2210413520559,0.3789439227303312,2025-12-15 23:59:11.853449
38861.079646998645,149683.65201660508,712.6087627202056,0.38572241673962715,2025-12-15 23:59:11.853449
58919.8888811171,271575.11738189665,691.9886260231228,0.393688042551315,2025-12-15 23:59:11.853449
35481.835512798134,193648.3507544664,695.8412048800202,0.3445723236084844,2025-12-15 23:59:11.853449
28546.49119858818,333162.6743724378,756.3412100064061,0.2779239804133552,2025-12-15 23:59:11.853449
41345.807181970595,349550.9211900871,723.9495261667881,0.3040756300283479,2025-12-15 23:59:11.853449
66660.6890305069,184000.6047329991,697.3234197695014,0.4671945506113992,2025-12-15 23:59:11.853449
68203.12577139348,197026.5718454852,580.7067538263022,0.41579805172055073,2025-12-15 23:59:11.853449
60722.45214165398,281575.2732187881,622.3972222832322,0.3652677775796208,2025-12-15 23:59:11.853449
64326.62837641595,206772.16101262913,672.6374639842566,0.4366930825459162,2025-12-15 23:59:11.853449
60775.03088095429,227275.3269240657,685.6023424565991,0.4191474340836023,2025-12-15 23:59:11.853449
41094.812881209815,231523.3052325446,612.1877765195645,0.3109670372199226,2025-12-15 23:59:11.853449
59342.68325945699,114819.61062814062,824.7006005347052,0.5285145891986307,2025-12-15 23:59:11.853449
65606.9619288706,229169.73523434578,770.9836433152144,0.4737248903021865,2025-12-15 23:59:11.853449
64822.95260683076,188616.33355614956,716.1270992235491,0.46627725202347603,2025-12-15 23:59:11.853449
72211.52731506893,200412.63065601367,684.3222116770247,0.474526220489419,2025-12-15 23:59:11.853449
64041.16540241808,316617.92020812887,667.2674618059309,0.38053764034591364,2025-12-15 23:59:11.853449
57974.61952820691,154609.58634324462,622.8848923986659,0.41609324388380686,2025-12-15 23:59:11.853449
70192.55405137927,278792.3112048786,684.6488311111317,0.4294417140474234,2025-12-15 23:59:11.853449
51549.13859276598,213262.2241800915,695.465152408565,0.3954617425849002,2025-12-15 23:59:11.853449
37008.1309291288,213214.38989024993,605.4943654711026,0.301452176571939,2025-12-15 23:59:11.853449
49227.86161295601,277422.3137631027,700.0505850346939,0.35792668759752766,2025-12-15 23:59:11.853449
39336.655038290366,250403.0776741334,670.6844570705151,0.320842567231036,2025-12-15 23:59:11.853449
